local code,text,table_name,parent_varname,local code system,code,display,code system,comment
kg,Kilograms,,,units,kg,Kilograms,http://unitsofmeasure.org,
cm,cm,,,units,cm,cm,http://unitsofmeasure.org,
kg/m2,kg/m2,,,units,kg/m2,kg/m2,http://unitsofmeasure.org,
kg/m^2,kg/m^2,,,units,kg/m2,kg/m2,http://unitsofmeasure.org,
%,%,,,units,%,%,http://unitsofmeasure.org,
weeks,weeks,,,units,wk,weeks,http://unitsofmeasure.org,
10^9 cells/L,10^9 cells/L,,,units,10*9/L,billion per liter,http://unitsofmeasure.org,
L of red blood cells/L of blood,L of red blood cells/L of blood,,,units,L/L,liter per liter,http://unitsofmeasure.org,
g/dL,g/dL,,,units,g/dL,g/dL,http://unitsofmeasure.org,
Weight,Kilograms,,,units,kg,Kilograms,http://unitsofmeasure.org,
Height,cm,,,units,cm,cm,http://unitsofmeasure.org,
BMI,kg/m2,,,units,kg/m2,kg/m2,http://unitsofmeasure.org,
ml,ml,,,units,ml,ml,http://unitsofmeasure.org,
ml,ml,,,Vial_Volume,ml,ml,http://unitsofmeasure.org,
permL,/mL,,,units,/mL,/mL,http://unitsofmeasure.org,
Hemoglobin level at birth,Hemoglobin level at birth,encounter,,encounter,718-7,Hemoglobin [Mass/volume] in Blood,http://loinc.org,https://loinc.org/718-7
White blood cell count at birth,White blood cell count at birth,encounter,,encounter,26464-8,Leukocytes [#/volume] in Blood,http://loinc.org,https://loinc.org/26464-8/
Platelet count at birth,Platelet count at birth,encounter,,encounter,26515-7,Platelets [#/volume] in Blood,http://loinc.org,https://loinc.org/26515-7/
Peripheral blood blast percentage at birth,Peripheral blood blast percentage at birth,encounter,,encounter,26446-5,Blasts/100 leukocytes in Blood,http://loinc.org,https://loinc.org/30376-8/
Hematocrit,Hematocrit,encounter,,encounter,20570-8,Hematocrit [Volume Fraction] of Blood,http://loinc.org,https://loinc.org/20570-8/
Gestational age at birth,Gestational age at birth,encounter,,encounter,76516-4,Gestational age--at birth,http://loinc.org,https://loinc.org/76516-4/
Birth weight,Birth weight,encounter,,encounter,8339-4,Birth weight Measured,http://loinc.org,https://loinc.org/8339-4/
Weight,Body Weight,encounter,,encounter,29463-7,Body weight,http://loinc.org,
Height,Body Height,encounter,,encounter,8303-3,Body height,http://loinc.org,
BMI,Body Mass Index,encounter,,encounter,39156-5,Body mass index (BMI) [Ratio],http://loinc.org,
Hemoglobin level at birth,Hemoglobin level at birth,encounter,,encounter,Hemoglobin-level-at-birth,Hemoglobin level at birth,http://loinc.org,https://loinc.org/718-7
White blood cell count at birth,White blood cell count at birth,encounter,,encounter,White-blood-cell-count-at-birth,White blood cell count at birth,http://includedcc.org/fhir/code-systems/measurement_codes,
Platelet count at birth,Platelet count at birth,encounter,,encounter,Platelet-count-at-birth,Platelet count at birth,http://includedcc.org/fhir/code-systems/measurement_codes,
Peripheral blood blast percentage at birth,Peripheral blood blast percentage at birth,encounter,,encounter,Peripheral-blood-blast-percentage-at-birth,Peripheral blood blast percentage at birth,http://includedcc.org/fhir/code-systems/measurement_codes,
Hematocrit,Hematocrit,encounter,,encounter,Hematocrit,Hematocrit,http://includedcc.org/fhir/code-systems/measurement_codes,
Gestational age at birth,Gestational age at birth,encounter,,encounter,Gestational-age-at-birth,Gestational age at birth,http://includedcc.org/fhir/code-systems/measurement_codes,
Birth weight,Birth weight,encounter,,encounter,Birth-weight,Birth weight,http://includedcc.org/fhir/code-systems/measurement_codes,
"In the past 12 months, how many times has the participant been admitted to a hospital overnight or longer?","In the past 12 months, how many times has the participant been admitted to a hospital overnight or longer?",encounter,,encounter,Visit-count-for-year,"In the past 12 months, how many times has the participant been admitted to a hospital overnight or longer?",http://includedcc.org/fhir/code-systems/measurement_codes,
Weight,Body Weight,encounter,,encounter,Weight,Body Weight,http://includedcc.org/fhir/code-systems/measurement_codes,
Height,Body Height,encounter,,encounter,Height,Body Height,http://includedcc.org/fhir/code-systems/measurement_codes,
BMI,Body Mass Index,encounter,,encounter,BMI,Body Mass Index,http://includedcc.org/fhir/code-systems/measurement_codes,
ABC-DS,ABC-DS,study,,IncludeProgram,INCLUDE,INCLUDE,https://includedcc.org/fhir/code-systems/programs,
BRI-DSR,BRI-DSR,study,,IncludeProgram,INCLUDE,INCLUDE,https://includedcc.org/fhir/code-systems/programs,
DSC,DSC,study,,IncludeProgram,INCLUDE,INCLUDE,https://includedcc.org/fhir/code-systems/programs,
DS-Sleep,DS-Sleep,study,,IncludeProgram,INCLUDE,INCLUDE,https://includedcc.org/fhir/code-systems/programs,
HTP,HTP,study,,IncludeProgram,INCLUDE,INCLUDE,https://includedcc.org/fhir/code-systems/programs,
X01-deSmith,X01-deSmith,study,,IncludeProgram,INCLUDE,INCLUDE,https://includedcc.org/fhir/code-systems/programs,
X01-Hakonarson,X01-Hakonarson,study,,IncludeProgram,INCLUDE,INCLUDE,https://includedcc.org/fhir/code-systems/programs,
Observed,Condition was observed or reported (this will be the case for most conditions),condition,Condition Interpretation,Condition Interpretation,LA33635-6,Observed,http://loinc.org,
Observed,Condition was observed or reported (this will be the case for most conditions),Condition,Condition Interpretation,Condition Interpretation,confirmed,Confirmed,http://terminology.hl7.org/CodeSystem/condition-ver-status,
Not Observed,Not Observed,condition,Condition Interpretation,Condition Interpretation,LA19655-2,Not Observed,http://loinc.org,
Current,Condition is ongoing,Condition,Condition Status,Condition Status,LA9040-2,Ongoing,http://loinc.org,
Resolved,Condition has been resolved,Condition,Condition Status,Condition Status,LA9041-0,Resolved,http://loinc.org,
History Of,History Of,condition,Condition Status,Condition Status,392521001,Histor of,SMOMED,http://snomed.info/sct
Control-only,Control Only,participant,Family Type,Family Type,Control-only,Control Only,https://includedcc.org/fhir/code-systems/family_types,
Duo,Duo,participant,Family Type,Family Type,Duo,Duo,https://includedcc.org/fhir/code-systems/family_types,
Other,Other,participant,Family Type,Family Type,Other,Other,https://includedcc.org/fhir/code-systems/family_types,
Proband-only,Proband-only,participant,Family Type,Family Type,Proband-only,Proband-only,https://includedcc.org/fhir/code-systems/family_types,
Trio,Trio,participant,Family Type,Family Type,Trio,Trio,https://includedcc.org/fhir/code-systems/family_types,
Trio+,Trio+,participant,Family Type,Family Type,Trio+,Trio+,https://includedcc.org/fhir/code-systems/family_types,
Father,Father,Participant,Family Relationship,Inverse Family Relationship,CHILD,child,http://terminology.hl7.org/CodeSystem/v3-RoleCode,
Mother,Mother,Participant,Family Relationship,Inverse Family Relationship,CHILD,child,http://terminology.hl7.org/CodeSystem/v3-RoleCode,
Sibling,Sibling,Participant,Family Relationship,Inverse Family Relationship,SIB,sibling,http://terminology.hl7.org/CodeSystem/v3-RoleCode,
Parent,Parent,Participant,Family Relationship,Family Relationship,PRN,parent,http://terminology.hl7.org/CodeSystem/v3-RoleCode,
Father,Father,Participant,Family Relationship,Family Relationship,FTH,father,http://terminology.hl7.org/CodeSystem/v3-RoleCode,
Mother,Mother,Participant,Family Relationship,Family Relationship,MTH,mother,http://terminology.hl7.org/CodeSystem/v3-RoleCode,
Sibling,Sibling,Participant,Family Relationship,Family Relationship,SIB,sibling,http://terminology.hl7.org/CodeSystem/v3-RoleCode,
Other relative,Other relative,Participant,Family Relationship,Family Relationship,O,Other,http://terminology.hl7.org/CodeSystem/v2-0131,
Female,Female,Participant,Sex,Sex,female,Female,http://hl7.org/fhir/administrative-gender,
Male,Male,Participant,Sex,Sex,male,Male,http://hl7.org/fhir/administrative-gender,
Other,Other,Participant,Sex,Sex,other,Other,http://hl7.org/fhir/administrative-gender,
Unknown,Unknown,Participant,Sex,Sex,unknown,Unknown,http://hl7.org/fhir/administrative-gender,
American Indian or Alaska Native,American Indian or Alaska Native,Participant,Race,Race,1002-5,American Indian or Alaska Native,urn:oid:2.16.840.1.113883.6.238,
Asian,Asian,Participant,Race,Race,2028-9,Asian,urn:oid:2.16.840.1.113883.6.238,
Black or African American,Black or African American,Participant,Race,Race,2054-5,Black or African American,urn:oid:2.16.840.1.113883.6.238,
More than one race,More than one race,Participant,Race,Race,UNK,Unknown,http://terminology.hl7.org/CodeSystem/v3-NullFlavor,
Native Hawaiian or Other Pacific Islander,Native Hawaiian or Other Pacific Islander,Participant,Race,Race,2076-8,Native Hawaiian or Other Pacific Islander,urn:oid:2.16.840.1.113883.6.238,
Other,Other,Participant,Race,Race,OTH,other,http://terminology.hl7.org/CodeSystem/v3-NullFlavor,
White,White,Participant,Race,Race,2028-9,White,urn:oid:2.16.840.1.113883.6.238,
Prefer not to answer,Prefer not to answer,Participant,Race,Race,ASKU,asked but unknown,http://terminology.hl7.org/CodeSystem/v3-NullFlavor,
Unknown,Unknown,Participant,Race,Race,UNK,Unknown,http://terminology.hl7.org/CodeSystem/v3-NullFlavor,
East Asian,UK only; do not use for US data,Participant,Race,Race,2028-9,Asian,urn:oid:2.16.840.1.113883.6.238,https://hl7.org/fhir/us/core/stu4/CodeSystem-cdcrec.html
Latin American,UK only; do not use for US data,Participant,Race,Race,2178-2,Latin American,urn:oid:2.16.840.1.113883.6.238,
Middle Eastern or North African,UK only; do not use for US data,Participant,Race,Race,2028-9,White,urn:oid:2.16.840.1.113883.6.238,
South Asian,UK only; do not use for US data,Participant,Race,Race,2028-9,Asian,urn:oid:2.16.840.1.113883.6.238,
Hispanic or Latino,Hispanic or Latino,Participant,Ethnicity,Ethnicity,2135-2,Hispanic or Latino,urn:oid:2.16.840.1.113883.6.238,
Not Hispanic or Latino,Not Hispanic or Latino,Participant,Ethnicity,Ethnicity,2186-5,Not Hispanic or Latino,urn:oid:2.16.840.1.113883.6.238,
Prefer not to answer,Prefer not to answer,Participant,Ethnicity,Ethnicity,ASKU,asked but unknown,http://terminology.hl7.org/CodeSystem/v3-NullFlavor,
Unknown,Unknown,Participant,Ethnicity,Ethnicity,UNK,Unknown,http://terminology.hl7.org/CodeSystem/v3-NullFlavor,
T21,Trisomy 21 (Down syndrome),Participant,Down Syndrome Status,Down Syndrome Status,0008608,Down Syndrome,http://purl.obolibrary.org/obo/mondo.owl,
Dead,Dead,Participant,Outcomes Vital Status,Outcomes Vital Status,LA9627-6,Dead,http://loinc.org,
Alive,Alive,Participant,Outcomes Vital Status,Outcomes Vital Status,LA4247-8,Alive,http://loinc.org,
Unknown or not available,Unknown or not available,Participant,Outcomes Vital Status,Outcomes Vital Status,UNK,Unknown,http://terminology.hl7.org/CodeSystem/v3-NullFlavor,
ATACseq,ATAC-Seq Sample,specimen,Sample Type,Sample Type,ATAC-Seq-Sample,ATAC-Seq Sample,https://includedcc.org/fhir/code-systems/sample_types,
B cells Cryo,B Cells Cryo,specimen,Sample Type,Sample Type,B-Cells,B Cells,https://includedcc.org/fhir/code-systems/sample_types,
Blood Smear Slide,Blood Smear Slide,specimen,Sample Type,Sample Type,Blood-Smear-Slide,Blood Smear Slide,https://includedcc.org/fhir/code-systems/sample_types,
Buffy Coat,Buffy Coat,specimen,Sample Type,Sample Type,Buffy-Coat,Buffy Coat,https://includedcc.org/fhir/code-systems/sample_types,
CD4+ Tconv Cells,CD4+ Tconv Cells,specimen,Sample Type,Sample Type,CD4+-Tconv-Cells,CD4+ Tconv Cells,https://includedcc.org/fhir/code-systems/sample_types,
CD4+ Tconv cells,CD4+ Tconv Cells,specimen,Sample Type,Sample Type,CD4+-Tconv-Cells,CD4+ Tconv Cells,https://includedcc.org/fhir/code-systems/sample_types,
CD8+ T Cells,CD8+ T Cells,specimen,Sample Type,Sample Type,CD8+T-Cells,CD8+ T Cells,https://includedcc.org/fhir/code-systems/sample_types,
CD8+ T cells,CD8+ T Cells,specimen,Sample Type,Sample Type,CD8+T-Cells,CD8+ T Cells,https://includedcc.org/fhir/code-systems/sample_types,
CYTOF Ready White Blood Cells, CYTOF Ready White Blood Cells,specimen,Sample Type,Sample Type,WBCs,White Blood Cells,https://includedcc.org/fhir/code-systems/sample_types,
DNA,DNA,specimen,Sample Type,Sample Type,DNA,DNA,https://includedcc.org/fhir/code-systems/sample_types,
Granulocytes,Granulocytes,specimen,Sample Type,Sample Type,Granulocytes,Granulocytes,https://includedcc.org/fhir/code-systems/sample_types,
Monocytes,Monocytes,specimen,Sample Type,Sample Type,Monocytes,Monocytes,https://includedcc.org/fhir/code-systems/sample_types,
NK cells,NK Cells,specimen,Sample Type,Sample Type,NK-Cells,NK Cells,https://includedcc.org/fhir/code-systems/sample_types,
PAXgene Whole Blood DNA,PAXgene Whole Blood DNA,specimen,Sample Type,Sample Type,DNA,DNA,https://includedcc.org/fhir/code-systems/sample_types,
PAXgene Whole Blood DNA Tube,PAXgene Whole Blood DNA Tube,specimen,Sample Type,Sample Type,DNA,DNA,https://includedcc.org/fhir/code-systems/sample_types,
PAXgene Whole Blood RNA,PAXgene Whole Blood RNA,specimen,Sample Type,Sample Type,RNA,RNA,https://includedcc.org/fhir/code-systems/sample_types,
PAXgene Whole Blood RNA Tube,PAXgene Whole Blood RNA Tube,specimen,Sample Type,Sample Type,RNA,RNA,https://includedcc.org/fhir/code-systems/sample_types,
PBMC,PBMCs,specimen,Sample Type,Sample Type,PBMCs,PBMCs,https://includedcc.org/fhir/code-systems/sample_types,
Peripheral Blood Mononuclear Cells,Peripheral Blood Mononuclear Cells,specimen,Sample Type,Sample Type,PBMCs,PBMCs,https://includedcc.org/fhir/code-systems/sample_types,
Peripheral Whole Blood,Peripheral Whole Blood,specimen,Sample Type,Sample Type,Peripheral-Whole-Blood,Peripheral Whole Blood,https://includedcc.org/fhir/code-systems/sample_types,
Plasma,Plasma,specimen,Sample Type,Sample Type,Plasma,Plasma,https://includedcc.org/fhir/code-systems/sample_types,
Red Blood Cells,Red Blood Cells,specimen,Sample Type,Sample Type,Red-Blood-Cells,Red Blood Cells,https://includedcc.org/fhir/code-systems/sample_types,
RNA,RNA,specimen,Sample Type,Sample Type,RNA,RNA,https://includedcc.org/fhir/code-systems/sample_types,
Saliva,Saliva,specimen,Sample Type,Sample Type,C174119,Saliva Sample,http://purl.obolibrary.org/obo/ncit.owl,http://purl.obolibrary.org/obo/NCIT_C174119
Saliva,Saliva,specimen,Sample Type,Sample Type,Saliva,Saliva,https://includedcc.org/fhir/code-systems/sample_types,
Salivette,Salivette,specimen,Sample Type,Sample Type,C174119,Saliva Sample,http://purl.obolibrary.org/obo/ncit.owl,http://purl.obolibrary.org/obo/NCIT_C174119
Salivette,Salivette,specimen,Sample Type,Sample Type,Saliva,Saliva,https://includedcc.org/fhir/code-systems/sample_types,
Skin Tape,Skin Tape,specimen,Sample Type,Sample Type,Skin-Tape,Skin Tape,https://includedcc.org/fhir/code-systems/sample_types,
Tongue Swab,Tongue,specimen,Sample Type,Sample Type,Tongue-Swab,Tongue Swab,https://includedcc.org/fhir/code-systems/sample_types,
Tregs,Regulatory T Cells,specimen,Sample Type,Sample Type,Tregs,Regulatory T Cells,https://includedcc.org/fhir/code-systems/sample_types,
White Blood Cells,White Blood Cells,specimen,Sample Type,Sample Type,WBCs,White Blood Cells,https://includedcc.org/fhir/code-systems/sample_types,
White Blood Cells Cryo,White Blood Cells Cryo,specimen,Sample Type,Sample Type,WBCs,White Blood Cells,https://includedcc.org/fhir/code-systems/sample_types,
White Blood Cells DNA,White Blood Cells DNA,specimen,Sample Type,Sample Type,DNA,DNA,https://includedcc.org/fhir/code-systems/sample_types,
White Blood Cells Protein,White Blood Cells Protein,specimen,Sample Type,Sample Type,WBCs,White Blood Cells,https://includedcc.org/fhir/code-systems/sample_types,
White Blood Cells RNA,White Blood Cells RNA,specimen,Sample Type,Sample Type,RNA,RNA,https://includedcc.org/fhir/code-systems/sample_types,
Whole blood,Peripheral Whole Blood,specimen,Sample Type,Sample Type,Peripheral-Whole-Blood,Peripheral Whole Blood,https://includedcc.org/fhir/code-systems/sample_types,
Whole Blood,Peripheral Whole Blood,specimen,Sample Type,Sample Type,Peripheral-Whole-Blood,Peripheral Whole Blood,https://includedcc.org/fhir/code-systems/sample_types,
Whole Blood EDTA,Peripheral Whole Blood,specimen,Sample Type,Sample Type,Peripheral-Whole-Blood,Peripheral Whole Blood,https://includedcc.org/fhir/code-systems/sample_types,
Available,Available,specimen,Sample Availability,Sample Availability,available,Available,http://hl7.org/fhir/specimen-status,
Unavailable,Unavailable,specimen,Sample Availability,Sample Availability,unavailable,Unavailable,http://hl7.org/fhir/specimen-status,
Saliva,Saliva,specimen,Collection Sample Type,Collection Sample Type,C174119,Saliva Sample,http://purl.obolibrary.org/obo/ncit.owl,http://purl.obolibrary.org/obo/NCIT_C174119
Saliva,Saliva,specimen,Collection Sample Type,Collection Sample Type,Saliva,Saliva,https://includedcc.org/fhir/code-systems/sample_types,
Skin Tape,Skin Tape,specimen,Collection Sample Type,Collection Sample Type,Skin-Tape,Skin Tape,https://includedcc.org/fhir/code-systems/sample_types,
Tongue Swab,Tongue,specimen,Collection Sample Type,Collection Sample Type,Tongue-Swab,Tongue Swab,https://includedcc.org/fhir/code-systems/sample_types,
Whole blood,Peripheral Whole Blood,specimen,Collection Sample Type,Collection Sample Type,Peripheral-Whole-Blood,Peripheral Whole Blood,https://includedcc.org/fhir/code-systems/sample_types,
Whole Blood,Peripheral Whole Blood,specimen,Collection Sample Type,Collection Sample Type,Peripheral-Whole-Blood,Peripheral Whole Blood,https://includedcc.org/fhir/code-systems/sample_types,
Available,Available,specimen,Container Availability,Container Availability,available,Available,http://hl7.org/fhir/specimen-status,
Unavailable,Unavailable,specimen,Container Availability,Container Availability,unavailable,Unavailable,http://hl7.org/fhir/specimen-status,
Monocytes,Monocytes,specimen,Parent Sample Type,Parent Sample Type,Monocytes,Monocytes,https://includedcc.org/fhir/code-systems/sample_types,
PAXgene Whole Blood DNA Tube,PAXgene Whole Blood DNA Tube,specimen,Parent Sample Type,Parent Sample Type,DNA,DNA,https://includedcc.org/fhir/code-systems/sample_types,
PAXgene Whole Blood RNA Tube,PAXgene Whole Blood RNA Tube,specimen,Parent Sample Type,Parent Sample Type,RNA,RNA,https://includedcc.org/fhir/code-systems/sample_types,
Saliva,Saliva,specimen,Parent Sample Type,Parent Sample Type,C174119,Saliva Sample,http://purl.obolibrary.org/obo/ncit.owl,http://purl.obolibrary.org/obo/NCIT_C174119
White Blood Cells,White Blood Cells,specimen,Parent Sample Type,Parent Sample Type,WBCs,White Blood Cells,https://includedcc.org/fhir/code-systems/sample_types,
Whole blood,Peripheral Whole Blood,specimen,Parent Sample Type,Parent Sample Type,Peripheral-Whole-Blood,Peripheral Whole Blood,https://includedcc.org/fhir/code-systems/sample_types,
Whole Blood,Peripheral Whole Blood,specimen,Parent Sample Type,Parent Sample Type,Peripheral-Whole-Blood,Peripheral Whole Blood,https://includedcc.org/fhir/code-systems/sample_types,
Whole Blood EDTA,Peripheral Whole Blood,specimen,Parent Sample Type,Parent Sample Type,Peripheral-Whole-Blood,Peripheral Whole Blood,https://includedcc.org/fhir/code-systems/sample_types,
NA,NA,specimen,In/Out,In/Out,unavailable,Unavailable,http://hl7.org/fhir/specimen-status,
In,In,specimen,In/Out,In/Out,available,Available,http://hl7.org/fhir/specimen-status,
Out,Out,specimen,In/Out,In/Out,unavailable,Unavailable,http://hl7.org/fhir/specimen-status,
mL,mL,specimen,Volume Unit,Volume Unit,Vial_Volume,ml,ml,http://unitsofmeasure.org,
Controlled,Controlled,datafile,Data Access,Data Access,controlled,Controlled,https://includedcc.org/fhir/code-systems/data_access_types,
Open,Open,datafile,Data Access,Data Access,open,Open,https://includedcc.org/fhir/code-systems/data_access_types,
Registered,Registered,datafile,Data Access,Data Access,registered,Registered,https://includedcc.org/fhir/code-systems/data_access_types,
Genomics,Genomics,datafile,Data Category,Data Category,Genomics,Genomics,https://includedcc.org/fhir/code-systems/data_categories,
Metabolomics,Metabolomics,datafile,Data Category,Data Category,Metabolomics,Metabolomics,https://includedcc.org/fhir/code-systems/data_categories,
Proteomics,Proteomics,datafile,Data Category,Data Category,Proteomics,Proteomics,https://includedcc.org/fhir/code-systems/data_categories,
Transcriptomic,Transcriptomics,datafile,Data Category,Data Category,Transcriptomics,Transcriptomics,https://includedcc.org/fhir/code-systems/data_categories,
Transcriptomics,Transcriptomics,datafile,Data Category,Data Category,Transcriptomics,Transcriptomics,https://includedcc.org/fhir/code-systems/data_categories,
Aligned Reads,Aligned Reads,datafile,Data Type,Data Type,Aligned-Reads,Aligned Reads,https://includedcc.org/fhir/code-systems/data_types,
Aligned Reads Index,Aligned Reads Index,datafile,Data Type,Data Type,Aligned-Reads-Index,Aligned Reads Index,https://includedcc.org/fhir/code-systems/data_types,
Alternative Splicing,Alternative Splicing,datafile,Data Type,Data Type,Alternative-Splicing,Alternative Splicing,https://includedcc.org/fhir/code-systems/data_types,
Annotated Gene Fusion,Annotated Gene Fusion,datafile,Data Type,Data Type,Gene-Fusions,Gene Fusions,https://includedcc.org/fhir/code-systems/data_types,
Annotated Variant Call,Annotated Variant Call,datafile,Data Type,Data Type,Variant-Calls,Variant Calls,https://includedcc.org/fhir/code-systems/data_types,
Annotated Variant Call Index,Annotated Variant Call Index,datafile,Data Type,Data Type,Variant-Calls-Index,Variant Call Index,https://includedcc.org/fhir/code-systems/data_types,
Familial Relationships Report,Familial Relationships Report,datafile,Data Type,Data Type,Peddy-Family-Sex,Peddy - Family/Sex,https://includedcc.org/fhir/code-systems/data_types,
Gene Expression,Gene Expression,datafile,Data Type,Data Type,Gene-Expression-Quantifications,Gene Expression Quantifications,https://includedcc.org/fhir/code-systems/data_types,
Gene Expression Quantification,Gene Expression Quantification,datafile,Data Type,Data Type,Gene-Expression-Quantifications,Gene Expression Quantifications,https://includedcc.org/fhir/code-systems/data_types,
Gene Fusions,Gene Fusions,datafile,Data Type,Data Type,Gene-Fusions,Gene Fusions,https://includedcc.org/fhir/code-systems/data_types,
Genome Aligned Read,Genome Aligned Read,datafile,Data Type,Data Type,Aligned-Reads,Aligned Reads,https://includedcc.org/fhir/code-systems/data_types,
Genome Aligned Read Index,Genome Aligned Read Index,datafile,Data Type,Data Type,Aligned-Reads-Index,Aligned Reads Index,https://includedcc.org/fhir/code-systems/data_types,
Genomic Variant,Genomic Variant,datafile,Data Type,Data Type,gVCF,gVCF,https://includedcc.org/fhir/code-systems/data_types,
Genomic Variant Index,Genomic Variant Index,datafile,Data Type,Data Type,gVCF-Index,gVCF Index,https://includedcc.org/fhir/code-systems/data_types,
gVCF,Genomic Variant,datafile,Data Type,Data Type,gVCF,gVCF,https://includedcc.org/fhir/code-systems/data_types,
gVCF Index,Genomic Variant Index,datafile,Data Type,Data Type,gVCF-Index,gVCF Index,https://includedcc.org/fhir/code-systems/data_types,
Isoform Expression Quantification,Isoform Expression Quantification,datafile,Data Type,Data Type,Isoform-Expression-Quantifications,Isoform Expression Quantifications,https://includedcc.org/fhir/code-systems/data_types,
Other,Other,datafile,Data Type,Data Type,Other,Other,https://includedcc.org/fhir/code-systems/data_types,
Preprocessed metabolite relative abundance,Preprocessed metabolite relative abundance,datafile,Data Type,Data Type,Preprocessed-metabolite-relative-abundance,Preprocessed metabolite relative abundance,https://includedcc.org/fhir/code-systems/data_types,
Protein abundance (absolute protein concentration),Protein abundance (absolute protein concentration),datafile,Data Type,Data Type,Protein-abundance-absolute-protein-concentration,Protein abundance (absolute protein concentration),https://includedcc.org/fhir/code-systems/data_types,
Raw Gene Fusion,Raw Gene Fusion,datafile,Data Type,Data Type,Raw-Gene-Fusions,Raw Gene Fusions,https://includedcc.org/fhir/code-systems/data_types,
Unaligned reads,Unaligned reads,datafile,Data Type,Data Type,Unaligned-Reads,Unaligned Reads,https://includedcc.org/fhir/code-systems/data_types,
Unaligned Reads,Unaligned Reads,datafile,Data Type,Data Type,Unaligned-Reads,Unaligned Reads,https://includedcc.org/fhir/code-systems/data_types,
Variant Calls,Variant Calls,datafile,Data Type,Data Type,Variant-Calls,Variant Calls,https://includedcc.org/fhir/code-systems/data_types,
Variant Calls Index,Variant Calls Index,datafile,Data Type,Data Type,Variant-Calls-Index,Variant Calls Index,https://includedcc.org/fhir/code-systems/data_types,
LCMS_Metabolomics,LCMS_Metabolomics,datafile,Experimental Strategy,Experimental Strategy,LCMS-Metabolomics,LCMS_Metabolomics,https://includedcc.org/fhir/code-systems/experimental_strategies,
Multiplex Immunoassay,Multiplex Immunoassay,datafile,Experimental Strategy,Experimental Strategy,Multiplex-Immunoassay,Multiplex Immunoassay,https://includedcc.org/fhir/code-systems/experimental_strategies,
RNAseq,RNAseq,datafile,Experimental Strategy,Experimental Strategy,RNA-Seq,RNA-Seq,https://includedcc.org/fhir/code-systems/experimental_strategies,
Whole genome sequencing,Whole genome sequencing,datafile,Experimental Strategy,Experimental Strategy,WGS,Whole Genome Sequencing,https://includedcc.org/fhir/code-systems/experimental_strategies,
WGS,Whole genome sequencing,datafile,Experimental Strategy,Experimental Strategy,WGS,Whole Genome Sequencing,https://includedcc.org/fhir/code-systems/experimental_strategies,
Down syndrome,Down syndrome,condition,MONDO Code,condition_description,0008608,Down syndrome,http://purl.obolibrary.org/obo/mondo.owl,
Anxiety,Anxiety,condition,HPO Code,condition_description,0000739,Anxiety,http://purl.obolibrary.org/obo/hp.owl,
Anxiety,anxiety,condition,MONDO Code,condition_description,0011918,anxiety,http://purl.obolibrary.org/obo/mondo.owl,
GERD,Gastroesophageal reflux,condition,HPO Code,condition_description,0002020,Gastroesophageal reflux,http://purl.obolibrary.org/obo/hp.owl,
GERD,gastroesophageal reflux disease,condition,MONDO Code,condition_description,0007186,gastroesophageal reflux disease,http://purl.obolibrary.org/obo/mondo.owl,
Glasses,glasses usage,condition,MAXO Code,condition_description,0025004,glasses usage,http://purl.obolibrary.org/obo/maxo.owl,
Complete trisomy 21,complete trisomy 21,condition,MONDO Code,condition_description,0700030,complete trisomy 21,http://purl.obolibrary.org/obo/mondo.owl,
Congenital heart defect (CHD) - any,Abnormal heart morphology,condition,HPO Code,condition_description,0001627,Abnormal heart morphology,http://purl.obolibrary.org/obo/hp.owl,
Congenital heart defect (CHD) - any,congenital heart disease,condition,MONDO Code,condition_description,0005453,congenital heart disease,http://purl.obolibrary.org/obo/mondo.owl,
Congenital heart defect repair,heart repair,condition,MAXO Code,condition_description,0025002,heart repair,http://purl.obolibrary.org/obo/maxo.owl,
Dev. delay not otherwise specified,Global developmental delay,condition,HPO Code,condition_description,0001263,Global developmental delay,http://purl.obolibrary.org/obo/hp.owl,
Duodenal atresia/stenosis,Abnormal duodenum morphology,condition,HPO Code,condition_description,0002246,Abnormal duodenum morphology,http://purl.obolibrary.org/obo/hp.owl,
Duodenal atresia/stenosis,duodenal atresia (disease),condition,MONDO Code,condition_description,0009126,duodenal atresia,http://purl.obolibrary.org/obo/mondo.owl,
Fatigue,Fatigue,condition,HPO Code,condition_description,0012378,Fatigue,http://purl.obolibrary.org/obo/hp.owl,
Headache,Headache,condition,HPO Code,condition_description,0002315,Headache,http://purl.obolibrary.org/obo/hp.owl,
Headache,headache disorder,condition,MONDO Code,condition_description,0021146,headache disorder,http://purl.obolibrary.org/obo/mondo.owl,
Hypothyroidism,Hypothyroidism,condition,HPO Code,condition_description,0000821,Hypothyroidism,http://purl.obolibrary.org/obo/hp.owl,
Hypothyroidism,hypothyroidism,condition,MONDO Code,condition_description,0005420,hypothyroidism,http://purl.obolibrary.org/obo/mondo.owl,
Hypotonia,Hypotonia,condition,HPO Code,condition_description,0001252,Hypotonia,http://purl.obolibrary.org/obo/hp.owl,
Myopia,Myopia,condition,HPO Code,condition_description,0000545,Myopia,http://purl.obolibrary.org/obo/hp.owl,
Myopia,myopia (disease),condition,MONDO Code,condition_description,0001384,myopia,http://purl.obolibrary.org/obo/mondo.owl,
Obesity,Obesity,condition,HPO Code,condition_description,0001513,Obesity,http://purl.obolibrary.org/obo/hp.owl,
Obesity,obesity disorder,condition,MONDO Code,condition_description,0011122,obesity disorder,http://purl.obolibrary.org/obo/mondo.owl,
Obstructive sleep apnea,Obstructive sleep apnea,condition,HPO Code,condition_description,0002870,Obstructive sleep apnea,http://purl.obolibrary.org/obo/hp.owl,
Obstructive sleep apnea,obstructive sleep apnea syndrome,condition,MONDO Code,condition_description,0007147,obstructive sleep apnea syndrome,http://purl.obolibrary.org/obo/mondo.owl,
Other CHD history,Abnormal heart morphology,condition,HPO Code,condition_description,0001627,Abnormal heart morphology,http://purl.obolibrary.org/obo/hp.owl,
Other CHD history,congenital heart disease,condition,MONDO Code,condition_description,0005453,congenital heart disease,http://purl.obolibrary.org/obo/mondo.owl,
Other ENT history,otorhinolaryngologic disease,condition,MONDO Code,condition_description,0024623,otorhinolaryngologic disease,http://purl.obolibrary.org/obo/mondo.owl,
Other GI history,Abnormality of the gastrointestinal tract,condition,HPO Code,condition_description,0011024,Abnormality of the gastrointestinal tract,http://purl.obolibrary.org/obo/hp.owl,
Other GI history,digestive system disease,condition,MONDO Code,condition_description,0004335,digestive system disorder,http://purl.obolibrary.org/obo/mondo.owl,
Other neuro history,Abnormality of the nervous system,condition,HPO Code,condition_description,0000707,Abnormality of the nervous system,http://purl.obolibrary.org/obo/hp.owl,
Other neuro history,nervous system disorder,condition,MONDO Code,condition_description,0005071,nervous system disorder,http://purl.obolibrary.org/obo/mondo.owl,
Other Skeletal history,Abnormality of the skeletal system,condition,HPO Code,condition_description,0000924,Abnormality of the skeletal system,http://purl.obolibrary.org/obo/hp.owl,
Other Skeletal history,skeletal system disorder,condition,MONDO Code,condition_description,0005172,skeletal system disorder,http://purl.obolibrary.org/obo/mondo.owl,
Sensorineural hearing loss,Sensorineural hearing impairment,condition,HPO Code,condition_description,0000407,Sensorineural hearing impairment,http://purl.obolibrary.org/obo/hp.owl,
Sensorineural hearing loss,sensorineural hearing loss disorder,condition,MONDO Code,condition_description,0020678,sensorineural hearing loss disorder,http://purl.obolibrary.org/obo/mondo.owl,
Sleep apnea - general,Sleep apnea,condition,HPO Code,condition_description,0010535,Sleep apnea,http://purl.obolibrary.org/obo/hp.owl,
Sleep apnea - general,sleep apnea syndrome,condition,MONDO Code,condition_description,0005296,sleep apnea syndrome,http://purl.obolibrary.org/obo/mondo.owl,
Snores,Snoring,condition,HPO Code,condition_description,0025267,Snoring,http://purl.obolibrary.org/obo/hp.owl,
Tonsillectomy,tonsillectomy,condition,MAXO Code,condition_description,0001081,tonsillectomy,http://purl.obolibrary.org/obo/maxo.owl,
Ventricular septal defect (VSD),Ventricular septal defect,condition,HPO Code,condition_description,0001629,Ventricular septal defect,http://purl.obolibrary.org/obo/hp.owl,
Ventricular septal defect (VSD),ventricular septal defect (disease),condition,MONDO Code,condition_description,0002070,ventricular septal defect,http://purl.obolibrary.org/obo/mondo.owl,
High cholesterol,Hypercholesterolemia,condition,HPO Code,condition_description,0003124,Hypercholesterolemia,http://purl.obolibrary.org/obo/hp.owl,
Hypertension,Hypertension,condition,HPO Code,condition_description,0000822,Hypertension,http://purl.obolibrary.org/obo/hp.owl,
Hypertension,hypertensive disorder,condition,MONDO Code,condition_description,0005044,hypertensive disorder,http://purl.obolibrary.org/obo/mondo.owl,
Other autoimmune disease,Autoimmunity,condition,HPO Code,condition_description,0002960,Autoimmunity,http://purl.obolibrary.org/obo/hp.owl,
Other autoimmune disease,autoimmune disease,condition,MONDO Code,condition_description,0007179,autoimmune disease,http://purl.obolibrary.org/obo/mondo.owl,
Congestive heart failure,Congestive heart failure,condition,HPO Code,condition_description,0001635,Congestive heart failure,http://purl.obolibrary.org/obo/hp.owl,
Congestive heart failure,congestive heart failure,condition,MONDO Code,condition_description,0005009,congestive heart failure,http://purl.obolibrary.org/obo/mondo.owl,
Dysphagia,Dysphagia,condition,HPO Code,condition_description,0002015,Dysphagia,http://purl.obolibrary.org/obo/hp.owl,
Epilepsy,Seizure,condition,HPO Code,condition_description,0001250,Seizure,http://purl.obolibrary.org/obo/hp.owl,
Epilepsy,epilepsy,condition,MONDO Code,condition_description,0005027,epilepsy,http://purl.obolibrary.org/obo/mondo.owl,
Febrile seizure,Seizure precipitated by febrile infection,condition,HPO Code,condition_description,0032894,Seizure precipitated by febrile infection,http://purl.obolibrary.org/obo/hp.owl,
General Seizure,Seizure,condition,HPO Code,condition_description,0001250,Seizure,http://purl.obolibrary.org/obo/hp.owl,
Other cardiac history,heart disease,condition,MONDO Code,condition_description,0005267,heart disorder,http://purl.obolibrary.org/obo/mondo.owl,
Other secondary neurologic conditions,Abnormality of the nervous system,condition,HPO Code,condition_description,0000707,Abnormality of the nervous system,http://purl.obolibrary.org/obo/hp.owl,
Other secondary neurologic conditions,nervous system disorder,condition,MONDO Code,condition_description,0005071,nervous system disorder,http://purl.obolibrary.org/obo/mondo.owl,
Astigmatism,Astigmatism,condition,HPO Code,condition_description,0000483,Astigmatism,http://purl.obolibrary.org/obo/hp.owl,
Astigmatism,astigmatism (disease),condition,MONDO Code,condition_description,0011284,astigmatism,http://purl.obolibrary.org/obo/mondo.owl,
Cataracts,Cataract,condition,HPO Code,condition_description,0000518,Cataract,http://purl.obolibrary.org/obo/hp.owl,
Cataracts,cataract (disease),condition,MONDO Code,condition_description,0005129,cataract,http://purl.obolibrary.org/obo/mondo.owl,
Other eye history,Abnormality of the eye,condition,HPO Code,condition_description,0000478,Abnormality of the eye,http://purl.obolibrary.org/obo/hp.owl,
Other eye history,eye disorder,condition,MONDO Code,condition_description,0005328,eye disorder,http://purl.obolibrary.org/obo/mondo.owl,
Mosaic trisomy 21,mosaic trisomy 21,condition,MONDO Code,condition_description,0700127,mosaic trisomy 21,http://purl.obolibrary.org/obo/mondo.owl,
Alzheimer's disease,Alzheimer disease,condition,HPO Code,condition_description,0002511,Alzheimer disease,http://purl.obolibrary.org/obo/hp.owl,
Alzheimer's disease,Alzheimer disease,condition,MONDO Code,condition_description,0004975,Alzheimer disease,http://purl.obolibrary.org/obo/mondo.owl,
Atopic dermatitis/Eczema,Eczema,condition,HPO Code,condition_description,0000964,Eczema,http://purl.obolibrary.org/obo/hp.owl,
Atopic dermatitis/Eczema,atopic eczema,condition,MONDO Code,condition_description,0004980,atopic eczema,http://purl.obolibrary.org/obo/mondo.owl,
Calcium deficiency,Hypocalcemia,condition,HPO Code,condition_description,0002901,Hypocalcemia,http://purl.obolibrary.org/obo/hp.owl,
Cognitive decline,Mental deterioration,condition,HPO Code,condition_description,0001268,Mental deterioration,http://purl.obolibrary.org/obo/hp.owl,
Depression,Depression,condition,HPO Code,condition_description,0000716,Depression,http://purl.obolibrary.org/obo/hp.owl,
Depression,depressive disorder,condition,MONDO Code,condition_description,0002050,depressive disorder,http://purl.obolibrary.org/obo/mondo.owl,
Memory loss,Memory impairment,condition,HPO Code,condition_description,0002354,Memory impairment,http://purl.obolibrary.org/obo/hp.owl,
Vitamin B deficiency,vitamin B deficiency,condition,MONDO Code,condition_description,0042976,vitamin B deficiency,http://purl.obolibrary.org/obo/mondo.owl,
Headache cluster,Cluster headache,condition,HPO Code,condition_description,0012199,Cluster headache,http://purl.obolibrary.org/obo/hp.owl,
Headache cluster,cluster headache syndrome,condition,MONDO Code,condition_description,0043537,cluster headache syndrome,http://purl.obolibrary.org/obo/mondo.owl,
Unknown hearing loss,Hearing impairment,condition,HPO Code,condition_description,0000365,Hearing impairment,http://purl.obolibrary.org/obo/hp.owl,
Unknown hearing loss,hearing loss disorder,condition,MONDO Code,condition_description,0005365,hearing loss disorder,http://purl.obolibrary.org/obo/mondo.owl,
Atrial septal defect (ASD),Atrial septal defect,condition,HPO Code,condition_description,0001631,Atrial septal defect,http://purl.obolibrary.org/obo/hp.owl,
Atrial septal defect (ASD),atrial septal defect,condition,MONDO Code,condition_description,0006664,atrial septal defect,http://purl.obolibrary.org/obo/mondo.owl,
Folliculitis,Folliculitis,condition,HPO Code,condition_description,0025084,Folliculitis,http://purl.obolibrary.org/obo/hp.owl,
Folliculitis,folliculitis,condition,MONDO Code,condition_description,0006552,folliculitis,http://purl.obolibrary.org/obo/mondo.owl,
Grave's hyperthyroidism,Graves disease,condition,HPO Code,condition_description,0100647,Graves disease,http://purl.obolibrary.org/obo/hp.owl,
Grave's hyperthyroidism,Graves disease,condition,MONDO Code,condition_description,0005364,Graves disease,http://purl.obolibrary.org/obo/mondo.owl,
Hashimoto's hypothyroidism,Hashimoto thyroiditis,condition,HPO Code,condition_description,0000872,Hashimoto thyroiditis,http://purl.obolibrary.org/obo/hp.owl,
Hashimoto's hypothyroidism,Hashimoto thyroiditis,condition,MONDO Code,condition_description,0007699,Hashimoto thyroiditis,http://purl.obolibrary.org/obo/mondo.owl,
Hidradenitis suppurativa,Acne inversa,condition,HPO Code,condition_description,0040154,Acne inversa,http://purl.obolibrary.org/obo/hp.owl,
Hidradenitis suppurativa,hidradenitis suppurativa,condition,MONDO Code,condition_description,0006559,hidradenitis suppurativa,http://purl.obolibrary.org/obo/mondo.owl,
Low testosterone,Decreased serum testosterone concentration,condition,HPO Code,condition_description,0040171,Decreased serum testosterone concentration,http://purl.obolibrary.org/obo/hp.owl,
Other skin conditions,Abnormality of the skin,condition,HPO Code,condition_description,0000951,Abnormality of the skin,http://purl.obolibrary.org/obo/hp.owl,
Other skin conditions,skin disorder,condition,MONDO Code,condition_description,0005093,skin disorder,http://purl.obolibrary.org/obo/mondo.owl,
Reactive airway disease,reactive airway disease,condition,MONDO Code,condition_description,0100470,reactive airway disease,http://purl.obolibrary.org/obo/mondo.owl,
Seborrheic dermatitis,Seborrheic dermatitis,condition,HPO Code,condition_description,0001051,Seborrheic dermatitis,http://purl.obolibrary.org/obo/hp.owl,
Seborrheic dermatitis,seborrheic dermatitis (disease),condition,MONDO Code,condition_description,0006608,seborrheic dermatitis,http://purl.obolibrary.org/obo/mondo.owl,
PTSD,Posttraumatic stress symptom,condition,HPO Code,condition_description,0033676,Posttraumatic stress symptom,http://purl.obolibrary.org/obo/hp.owl,
PTSD,post-traumatic stress disorder,condition,MONDO Code,condition_description,0005146,post-traumatic stress disorder,http://purl.obolibrary.org/obo/mondo.owl,
Athlete's foot,Chronic tinea infection,condition,HPO Code,condition_description,0032259,Chronic tinea infection,http://purl.obolibrary.org/obo/hp.owl,
Athlete's foot,tinea pedis,condition,MONDO Code,condition_description,0005984,tinea pedis,http://purl.obolibrary.org/obo/mondo.owl,
Patent foramen ovale (PFO),Patent foramen ovale,condition,HPO Code,condition_description,0001655,Patent foramen ovale,http://purl.obolibrary.org/obo/hp.owl,
Patent foramen ovale (PFO),patent foramen ovale (disease),condition,MONDO Code,condition_description,0020439,patent foramen ovale,http://purl.obolibrary.org/obo/mondo.owl,
Strabismus,Strabismus,condition,HPO Code,condition_description,0000486,Strabismus,http://purl.obolibrary.org/obo/hp.owl,
Strabismus,strabismus,condition,MONDO Code,condition_description,0003432,strabismus,http://purl.obolibrary.org/obo/mondo.owl,
Strabismus surgery,strabismus surgery,condition,MAXO Code,condition_description,0025006,strabismus surgery,http://purl.obolibrary.org/obo/maxo.owl,
Down syndrome - Not tested,Down syndrome,condition,MONDO Code,condition_description,0008608,Down syndrome,http://purl.obolibrary.org/obo/mondo.owl,
Amblyopia,Amblyopia,condition,HPO Code,condition_description,0000646,Amblyopia,http://purl.obolibrary.org/obo/hp.owl,
Amblyopia,amblyopia (disease),condition,MONDO Code,condition_description,0001020,amblyopia,http://purl.obolibrary.org/obo/mondo.owl,
Other metabolic/endocrine history,Phenotypic abnormality,condition,HPO Code,condition_description,0000118,Phenotypic abnormality,http://purl.obolibrary.org/obo/hp.owl,
Other metabolic/endocrine history,disease or disorder,condition,MONDO Code,condition_description,0000001,disease,http://purl.obolibrary.org/obo/mondo.owl,
Overweight,Overweight,condition,HPO Code,condition_description,0025502,Overweight,http://purl.obolibrary.org/obo/hp.owl,
Toenail fungus,fungal infection of the toenail,condition,MONDO Code,condition_description,0100504,fungal infection of the toenail,http://purl.obolibrary.org/obo/mondo.owl,
Vitamin D deficiency,Low levels of vitamin D,condition,HPO Code,condition_description,0100512,Low levels of vitamin D,http://purl.obolibrary.org/obo/hp.owl,
Vitamin D deficiency,vitamin D deficiency,condition,MONDO Code,condition_description,0100471,vitamin D deficiency,http://purl.obolibrary.org/obo/mondo.owl,
Other cancer history,Neoplasm,condition,HPO Code,condition_description,0002664,Neoplasm,http://purl.obolibrary.org/obo/hp.owl,
Other cancer history,cancer,condition,MONDO Code,condition_description,0004992,cancer,http://purl.obolibrary.org/obo/mondo.owl,
Other Urogenital history,Abnormality of the genitourinary system,condition,HPO Code,condition_description,0000119,Abnormality of the genitourinary system,http://purl.obolibrary.org/obo/hp.owl,
Other Urogenital history,urogenital tract malformation,condition,MONDO Code,condition_description,0019356,urogenital tract malformation,http://purl.obolibrary.org/obo/mondo.owl,
Diverticulitis,Bowel diverticulosis,condition,HPO Code,condition_description,0005222,Bowel diverticulosis,http://purl.obolibrary.org/obo/hp.owl,
Diverticulitis,diverticulitis,condition,MONDO Code,condition_description,0004235,diverticulitis,http://purl.obolibrary.org/obo/mondo.owl,
Dysrhythmia,Arrhythmia,condition,HPO Code,condition_description,0011675,Arrhythmia,http://purl.obolibrary.org/obo/hp.owl,
Dysrhythmia,cardiac rhythm disease,condition,MONDO Code,condition_description,0007263,cardiac rhythm disease,http://purl.obolibrary.org/obo/mondo.owl,
Hemorrhoids,Hemorrhoids,condition,HPO Code,condition_description,0032551,Hemorrhoids,http://purl.obolibrary.org/obo/hp.owl,
Hemorrhoids,hemorrhoid,condition,MONDO Code,condition_description,0004872,hemorrhoid,http://purl.obolibrary.org/obo/mondo.owl,
Other Pulmonary/Respiratory disease,Abnormality of the respiratory system,condition,HPO Code,condition_description,0002086,Abnormality of the respiratory system,http://purl.obolibrary.org/obo/hp.owl,
Other Pulmonary/Respiratory disease,respiratory system disorder,condition,MONDO Code,condition_description,0005087,respiratory system disorder,http://purl.obolibrary.org/obo/mondo.owl,
Adenoidectomy,adenoidectomy,condition,MAXO Code,condition_description,0001029,adenoidectomy,http://purl.obolibrary.org/obo/maxo.owl,
Asthma,Asthma,condition,HPO Code,condition_description,0002099,Asthma,http://purl.obolibrary.org/obo/hp.owl,
Asthma,asthma,condition,MONDO Code,condition_description,0004979,asthma,http://purl.obolibrary.org/obo/mondo.owl,
Bipolar,Bipolar affective disorder,condition,HPO Code,condition_description,0007302,Bipolar affective disorder,http://purl.obolibrary.org/obo/hp.owl,
Bipolar,bipolar disorder,condition,MONDO Code,condition_description,0004985,bipolar disorder,http://purl.obolibrary.org/obo/mondo.owl,
Catatonia,catatonia,condition,MONDO Code,condition_description,0800105,catatonia,http://purl.obolibrary.org/obo/mondo.owl,
Ear tubes,myringotomy and insertion of tympanic ventilation tube,condition,MAXO Code,condition_description,0009044,myringotomy and insertion of tympanic ventilation tube,http://purl.obolibrary.org/obo/maxo.owl,
Hyperopia,Hypermetropia,condition,HPO Code,condition_description,0000540,Hypermetropia,http://purl.obolibrary.org/obo/hp.owl,
Hyperopia,hyperopia,condition,MONDO Code,condition_description,0004891,hyperopia,http://purl.obolibrary.org/obo/mondo.owl,
Recurrent otitis media,Recurrent otitis media,condition,HPO Code,condition_description,0000403,Recurrent otitis media,http://purl.obolibrary.org/obo/hp.owl,
Recurrent otitis media,"otitis media, susceptibility to",condition,MONDO Code,condition_description,0008162,"otitis media, susceptibility to",http://purl.obolibrary.org/obo/mondo.owl,
Regression,Developmental regression,condition,HPO Code,condition_description,0002376,Developmental regression,http://purl.obolibrary.org/obo/hp.owl,
Tricuspid valve regurgitation,Tricuspid regurgitation,condition,HPO Code,condition_description,0005180,Tricuspid regurgitation,http://purl.obolibrary.org/obo/hp.owl,
Tricuspid valve regurgitation,tricuspid valve insufficiency,condition,MONDO Code,condition_description,0002870,tricuspid valve insufficiency,http://purl.obolibrary.org/obo/mondo.owl,
Subclinical hypothyroidism,Compensated hypothyroidism,condition,HPO Code,condition_description,0008223,Compensated hypothyroidism,http://purl.obolibrary.org/obo/hp.owl,
Subclinical hypothyroidism,hypothyroidism,condition,MONDO Code,condition_description,0005420,hypothyroidism,http://purl.obolibrary.org/obo/mondo.owl,
Behavioral disorder,Behavioral abnormality,condition,HPO Code,condition_description,0000708,Atypical behavior,http://purl.obolibrary.org/obo/hp.owl,
Bradycardia,Bradycardia,condition,HPO Code,condition_description,0001662,Bradycardia,http://purl.obolibrary.org/obo/hp.owl,
Eustachian tube dysfunction,Abnormal Eustachian tube morphology,condition,HPO Code,condition_description,0040115,Abnormal Eustachian tube morphology,http://purl.obolibrary.org/obo/hp.owl,
Eustachian tube dysfunction,eustachian tube disease,condition,MONDO Code,condition_description,0004866,eustachian tube disorder,http://purl.obolibrary.org/obo/mondo.owl,
Other psych history,Behavioral abnormality,condition,HPO Code,condition_description,0000708,Atypical behavior,http://purl.obolibrary.org/obo/hp.owl,
Other psych history,psychiatric disorder,condition,MONDO Code,condition_description,0002025,psychiatric disorder,http://purl.obolibrary.org/obo/mondo.owl,
Tachycardia,Tachycardia,condition,HPO Code,condition_description,0001649,Tachycardia,http://purl.obolibrary.org/obo/hp.owl,
Retinoblastoma,Retinoblastoma,condition,HPO Code,condition_description,0009919,Retinoblastoma,http://purl.obolibrary.org/obo/hp.owl,
Retinoblastoma,retinoblastoma,condition,MONDO Code,condition_description,0008380,retinoblastoma,http://purl.obolibrary.org/obo/mondo.owl,
Seasonal allergies,Seasonal allergy,condition,HPO Code,condition_description,0012395,Seasonal allergy,http://purl.obolibrary.org/obo/hp.owl,
Seasonal allergies,seasonal allergic rhinitis,condition,MONDO Code,condition_description,0005324,seasonal allergic rhinitis,http://purl.obolibrary.org/obo/mondo.owl,
Down syndrome - Unsure,Down syndrome,condition,MONDO Code,condition_description,0008608,Down syndrome,http://purl.obolibrary.org/obo/mondo.owl,
Psoriasis,Psoriasiform dermatitis,condition,HPO Code,condition_description,0003765,Psoriasiform dermatitis,http://purl.obolibrary.org/obo/hp.owl,
Psoriasis,psoriasis,condition,MONDO Code,condition_description,0005083,psoriasis,http://purl.obolibrary.org/obo/mondo.owl,
Pharyngitis,Pharyngitis,condition,HPO Code,condition_description,0025439,Pharyngitis,http://purl.obolibrary.org/obo/hp.owl,
Pharyngitis,pharyngitis,condition,MONDO Code,condition_description,0002258,pharyngitis,http://purl.obolibrary.org/obo/mondo.owl,
Patent ductus arteriosus (PDA),Patent ductus arteriosus,condition,HPO Code,condition_description,0001643,Patent ductus arteriosus,http://purl.obolibrary.org/obo/hp.owl,
Patent ductus arteriosus (PDA),patent ductus arteriosus,condition,MONDO Code,condition_description,0011827,patent ductus arteriosus,http://purl.obolibrary.org/obo/mondo.owl,
Transient Hearing Loss,Transient hearing impairment,condition,HPO Code,condition_description,0012779,Transient hearing impairment,http://purl.obolibrary.org/obo/hp.owl,
Transient Hearing Loss,hearing loss disorder,condition,MONDO Code,condition_description,0005365,hearing loss disorder,http://purl.obolibrary.org/obo/mondo.owl,
Chronic constipation,Chronic constipation,condition,HPO Code,condition_description,0012450,Chronic constipation,http://purl.obolibrary.org/obo/hp.owl,
Chronic constipation,constipation disorder,condition,MONDO Code,condition_description,0002203,constipation disorder,http://purl.obolibrary.org/obo/mondo.owl,
Boils,Chronic furunculosis,condition,HPO Code,condition_description,0011132,Chronic furunculosis,http://purl.obolibrary.org/obo/hp.owl,
Boils,furunculosis,condition,MONDO Code,condition_description,0025419,furunculosis,http://purl.obolibrary.org/obo/mondo.owl,
Celiac disease,Celiac disease,condition,HPO Code,condition_description,0002608,Celiac disease,http://purl.obolibrary.org/obo/hp.owl,
Celiac disease,celiac disease,condition,MONDO Code,condition_description,0005130,celiac disease,http://purl.obolibrary.org/obo/mondo.owl,
Keratoconus,Keratoconus,condition,HPO Code,condition_description,0000563,Keratoconus,http://purl.obolibrary.org/obo/hp.owl,
Keratoconus,keratoconus (disease),condition,MONDO Code,condition_description,0015486,keratoconus,http://purl.obolibrary.org/obo/mondo.owl,
Pulmonary hypertension,Abnormality of pulmonary circulation,condition,HPO Code,condition_description,0030875,Abnormality of pulmonary circulation,http://purl.obolibrary.org/obo/hp.owl,
Pulmonary hypertension,pulmonary hypertension,condition,MONDO Code,condition_description,0005149,pulmonary hypertension,http://purl.obolibrary.org/obo/mondo.owl,
Solid tumor,neoplasm,condition,HPO Code,condition_description,0002664,Neoplasm,http://purl.obolibrary.org/obo/hp.owl,
Solid tumor,neoplasm (disease),condition,MONDO Code,condition_description,0005070,neoplasm,http://purl.obolibrary.org/obo/mondo.owl,
Rheumatoid arthritis - adult,Rheumatoid arthritis,condition,HPO Code,condition_description,0001370,Rheumatoid arthritis,http://purl.obolibrary.org/obo/hp.owl,
Rheumatoid arthritis - adult,rheumatoid arthritis,condition,MONDO Code,condition_description,0008383,rheumatoid arthritis,http://purl.obolibrary.org/obo/mondo.owl,
High triglycerides,Hypertriglyceridemia,condition,HPO Code,condition_description,0002155,Hypertriglyceridemia,http://purl.obolibrary.org/obo/hp.owl,
High triglycerides,Hypertriglyceridemia,condition,MONDO Code,condition_description,0005347,hypertriglyceridemia,http://purl.obolibrary.org/obo/mondo.owl,
Conductive hearing loss,Conductive hearing impairment,condition,HPO Code,condition_description,0000405,Conductive hearing impairment,http://purl.obolibrary.org/obo/hp.owl,
Conductive hearing loss,conductive hearing loss disorder,condition,MONDO Code,condition_description,0020679,conductive hearing loss disorder,http://purl.obolibrary.org/obo/mondo.owl,
Hearing aids,hearing aid usage,condition,MAXO Code,condition_description,0009030,hearing aid usage,http://purl.obolibrary.org/obo/maxo.owl,
ADD/ADHD,Attention deficit hyperactivity disorder,condition,HPO Code,condition_description,0007018,Attention deficit hyperactivity disorder,http://purl.obolibrary.org/obo/hp.owl,
ADD/ADHD,attention deficit-hyperactivity disorder,condition,MONDO Code,condition_description,0007743,attention deficit-hyperactivity disorder,http://purl.obolibrary.org/obo/mondo.owl,
Autism spectrum disorder,Autistic behavior,condition,HPO Code,condition_description,0000729,Autistic behavior,http://purl.obolibrary.org/obo/hp.owl,
Autism spectrum disorder,autism spectrum disorder,condition,MONDO Code,condition_description,0005258,autism spectrum disorder,http://purl.obolibrary.org/obo/mondo.owl,
Food dermatitis,food dermatitis,condition,MONDO Code,condition_description,0100505,food dermatitis,http://purl.obolibrary.org/obo/mondo.owl,
Frequent/Recurrent pneumonia,Pneumonia,condition,HPO Code,condition_description,0002090,Pneumonia,http://purl.obolibrary.org/obo/hp.owl,
Frequent/Recurrent pneumonia,pneumonia,condition,MONDO Code,condition_description,0005249,pneumonia,http://purl.obolibrary.org/obo/mondo.owl,
Obsessive compulsive disorder,Obsessive-compulsive behavior,condition,HPO Code,condition_description,0000722,Compulsive behaviors,http://purl.obolibrary.org/obo/hp.owl,
Obsessive compulsive disorder,obsessive-compulsive disorder,condition,MONDO Code,condition_description,0008114,obsessive-compulsive disorder,http://purl.obolibrary.org/obo/mondo.owl,
Other Nutrition history,nutritional disorder,condition,MONDO Code,condition_description,0005137,nutritional disorder,http://purl.obolibrary.org/obo/mondo.owl,
Other secondary psychological conditions,Behavioral abnormality,condition,HPO Code,condition_description,0000708,Atypical behavior,http://purl.obolibrary.org/obo/hp.owl,
Other secondary psychological conditions,psychiatric disorder,condition,MONDO Code,condition_description,0002025,psychiatric disorder,http://purl.obolibrary.org/obo/mondo.owl,
Central sleep apnea,Central sleep apnea,condition,HPO Code,condition_description,0010536,Central sleep apnea,http://purl.obolibrary.org/obo/hp.owl,
Central sleep apnea,central sleep apnea syndrome,condition,MONDO Code,condition_description,0004731,central sleep apnea syndrome,http://purl.obolibrary.org/obo/mondo.owl,
Nasolacriminal duct surgery,nasolacrimal duct surgery,condition,MAXO Code,condition_description,0025005,nasolacrimal duct surgery,http://purl.obolibrary.org/obo/maxo.owl,
Aortic valve regurgitation,Aortic regurgitation,condition,HPO Code,condition_description,0001659,Aortic regurgitation,http://purl.obolibrary.org/obo/hp.owl,
Aortic valve regurgitation,aortic valve insufficiency,condition,MONDO Code,condition_description,0005648,aortic valve insufficiency,http://purl.obolibrary.org/obo/mondo.owl,
Gallstones,Cholelithiasis,condition,HPO Code,condition_description,0001081,Cholelithiasis,http://purl.obolibrary.org/obo/hp.owl,
Gallstones,gallstones,condition,MONDO Code,condition_description,0005346,gallstones,http://purl.obolibrary.org/obo/mondo.owl,
Rash,Skin rash,condition,HPO Code,condition_description,0000988,Skin rash,http://purl.obolibrary.org/obo/hp.owl,
Rash,exanthem (disease),condition,MONDO Code,condition_description,0006547,exanthem,http://purl.obolibrary.org/obo/mondo.owl,
Alopecia areata,Patchy alopecia,condition,HPO Code,condition_description,0002232,Patchy alopecia,http://purl.obolibrary.org/obo/hp.owl,
Alopecia areata,alopecia areata,condition,MONDO Code,condition_description,0005340,alopecia areata,http://purl.obolibrary.org/obo/mondo.owl,
Developmental coordination disorder,developmental coordination disorder,condition,MONDO Code,condition_description,0004922,developmental coordination disorder,http://purl.obolibrary.org/obo/mondo.owl,
Infantile spasms,Infantile spasms,condition,HPO Code,condition_description,0012469,Infantile spasms,http://purl.obolibrary.org/obo/hp.owl,
Infantile spasms,West syndrome,condition,MONDO Code,condition_description,0018097,West syndrome,http://purl.obolibrary.org/obo/mondo.owl,
Learning difficulty,Specific learning disability,condition,HPO Code,condition_description,0001328,Specific learning disability,http://purl.obolibrary.org/obo/hp.owl,
Learning difficulty,learning disability,condition,MONDO Code,condition_description,0004681,learning disability,http://purl.obolibrary.org/obo/mondo.owl,
Aspiration,Aspiration,condition,HPO Code,condition_description,0002835,Aspiration,http://purl.obolibrary.org/obo/hp.owl,
Neonatal seizure,Neonatal seizure,condition,HPO Code,condition_description,0032807,Neonatal seizure,http://purl.obolibrary.org/obo/hp.owl,
Other arrhythmia history,Arrhythmia,condition,HPO Code,condition_description,0011675,Arrhythmia,http://purl.obolibrary.org/obo/hp.owl,
Other arrhythmia history,cardiac rhythm disease,condition,MONDO Code,condition_description,0007263,cardiac rhythm disease,http://purl.obolibrary.org/obo/mondo.owl,
Other thyroid condition,Abnormality of the thyroid gland,condition,HPO Code,condition_description,0000820,Abnormality of the thyroid gland,http://purl.obolibrary.org/obo/hp.owl,
Other thyroid condition,thyroid disease,condition,MONDO Code,condition_description,0003240,thyroid gland disorder,http://purl.obolibrary.org/obo/mondo.owl,
Hyperthyroidism,Hyperthyroidism,condition,HPO Code,condition_description,0000836,Hyperthyroidism,http://purl.obolibrary.org/obo/hp.owl,
Hyperthyroidism,hyperthyroidism,condition,MONDO Code,condition_description,0004425,hyperthyroidism,http://purl.obolibrary.org/obo/mondo.owl,
Irritable bowel syndrome,irritable bowel syndrome,condition,MONDO Code,condition_description,0005052,irritable bowel syndrome,http://purl.obolibrary.org/obo/mondo.owl,
Migraine,Migraine,condition,HPO Code,condition_description,0002076,Migraine,http://purl.obolibrary.org/obo/hp.owl,
Migraine,migraine disorder,condition,MONDO Code,condition_description,0005277,migraine disorder,http://purl.obolibrary.org/obo/mondo.owl,
Syncope,Syncope,condition,HPO Code,condition_description,0001279,Syncope,http://purl.obolibrary.org/obo/hp.owl,
Pyloric stenosis,Pyloric stenosis,condition,HPO Code,condition_description,0002021,Pyloric stenosis,http://purl.obolibrary.org/obo/hp.owl,
Pyloric stenosis,pyloric stenosis (disease),condition,MONDO Code,condition_description,0001561,pyloric stenosis,http://purl.obolibrary.org/obo/mondo.owl,
Ulcers,Peptic ulcer,condition,HPO Code,condition_description,0004398,Peptic ulcer,http://purl.obolibrary.org/obo/hp.owl,
Ulcers,peptic ulcer disease,condition,MONDO Code,condition_description,0004247,peptic ulcer disease,http://purl.obolibrary.org/obo/mondo.owl,
Positive TPO or Tg antibodies,Autoimmune antibody positivity,condition,HPO Code,condition_description,0030057,Autoimmune antibody positivity,http://purl.obolibrary.org/obo/hp.owl,
Chronic Lung Disease,Chronic lung disease,condition,HPO Code,condition_description,0006528,Chronic lung disease,http://purl.obolibrary.org/obo/hp.owl,
Other feeding problems,Feeding difficulties,condition,HPO Code,condition_description,0011968,Feeding difficulties,http://purl.obolibrary.org/obo/hp.owl,
Long QT syndrome,Prolonged QT interval,condition,HPO Code,condition_description,0001657,Prolonged QT interval,http://purl.obolibrary.org/obo/hp.owl,
Long QT syndrome,long QT syndrome,condition,MONDO Code,condition_description,0002442,long QT syndrome,http://purl.obolibrary.org/obo/mondo.owl,
Supraventricular tachycardia,Supraventricular tachycardia,condition,HPO Code,condition_description,0004755,Supraventricular tachycardia,http://purl.obolibrary.org/obo/hp.owl,
Acute myeloid leukemia (AML),Acute myeloid leukemia,condition,HPO Code,condition_description,0004808,Acute myeloid leukemia,http://purl.obolibrary.org/obo/hp.owl,
Acute myeloid leukemia (AML),acute myeloid leukemia,condition,MONDO Code,condition_description,0018874,acute myeloid leukemia,http://purl.obolibrary.org/obo/mondo.owl,
Laryngomalacia,Laryngomalacia,condition,HPO Code,condition_description,0001601,Laryngomalacia,http://purl.obolibrary.org/obo/hp.owl,
Laryngomalacia,congenital laryngomalacia,condition,MONDO Code,condition_description,0007878,congenital laryngomalacia,http://purl.obolibrary.org/obo/mondo.owl,
Transient myeloproliferative disorder,Transient myeloproliferative syndrome,condition,HPO Code,condition_description,0005534,Transient myeloproliferative syndrome,http://purl.obolibrary.org/obo/hp.owl,
Transient myeloproliferative disorder,transient myeloproliferative syndrome (disease),condition,MONDO Code,condition_description,0008040,transient myeloproliferative syndrome,http://purl.obolibrary.org/obo/mondo.owl,
Scoliosis,Scoliosis,condition,HPO Code,condition_description,0002650,Scoliosis,http://purl.obolibrary.org/obo/hp.owl,
Scoliosis,scoliosis,condition,MONDO Code,condition_description,0005392,scoliosis,http://purl.obolibrary.org/obo/mondo.owl,
Testicular cancer,Testicular neoplasm,condition,HPO Code,condition_description,0010788,Testicular neoplasm,http://purl.obolibrary.org/obo/hp.owl,
Testicular cancer,testicular cancer,condition,MONDO Code,condition_description,0005447,testicular cancer,http://purl.obolibrary.org/obo/mondo.owl,
Tetralogy of Fallot,Tetralogy of Fallot,condition,HPO Code,condition_description,0001636,Tetralogy of Fallot,http://purl.obolibrary.org/obo/hp.owl,
Tetralogy of Fallot,tetralogy of fallot,condition,MONDO Code,condition_description,0008542,tetralogy of fallot,http://purl.obolibrary.org/obo/mondo.owl,
Mitral valve regurgitation,Mitral regurgitation,condition,HPO Code,condition_description,0001653,Mitral regurgitation,http://purl.obolibrary.org/obo/hp.owl,
Mitral valve regurgitation,congenital mitral valve insufficiency,condition,MONDO Code,condition_description,0001298,congenital mitral valve insufficiency,http://purl.obolibrary.org/obo/mondo.owl,
Pulmonary valve regurgitation,Pulmonary insufficiency,condition,HPO Code,condition_description,0010444,Pulmonary insufficiency,http://purl.obolibrary.org/obo/hp.owl,
Pulmonary valve regurgitation,pulmonary valve insufficiency,condition,MONDO Code,condition_description,0001927,pulmonary valve insufficiency,http://purl.obolibrary.org/obo/mondo.owl,
Acute lymphocytic leukemia (B-cell Precursor ALL),B Acute Lymphoblastic Leukemia,condition,HPO Code,condition_description,0004812,B Acute Lymphoblastic Leukemia,http://purl.obolibrary.org/obo/hp.owl,
Acute lymphocytic leukemia (B-cell Precursor ALL),precursor B-cell acute lymphoblastic leukemia,condition,MONDO Code,condition_description,0020511,precursor B-cell acute lymphoblastic leukemia,http://purl.obolibrary.org/obo/mondo.owl,
Acute lymphocytic leukemia (Unspecified ALL),Acute lymphoblastic leukemia,condition,HPO Code,condition_description,0006721,Acute lymphoblastic leukemia,http://purl.obolibrary.org/obo/hp.owl,
Acute lymphocytic leukemia (Unspecified ALL),acute lymphoblastic leukemia (disease),condition,MONDO Code,condition_description,0004967,acute lymphoblastic leukemia,http://purl.obolibrary.org/obo/mondo.owl,
Pleural effusion,Pleural effusion,condition,HPO Code,condition_description,0002202,Pleural effusion,http://purl.obolibrary.org/obo/hp.owl,
Partial Trisomy 21 (only a part of chromosome 21 is present in 3 copies),partial segmental duplication,condition,MONDO Code,condition_description,0700130,partial segmental duplication,http://purl.obolibrary.org/obo/mondo.owl,
Disruptive disorder,disruptive behavior disorder,condition,MONDO Code,condition_description,0800106,disruptive behavior disorder,http://purl.obolibrary.org/obo/mondo.owl,
Mood disorder not otherwise specified,mood disorder,condition,MONDO Code,condition_description,0005371,mood disorder,http://purl.obolibrary.org/obo/mondo.owl,
Oppositional defiance disorder,oppositional defiant disorder,condition,HPO Code,condition_description,0010865,Oppositional defiant disorder,http://purl.obolibrary.org/obo/hp.owl,
Oppositional defiance disorder,oppositional defiant disorder (disease),condition,MONDO Code,condition_description,0000495,oppositional defiant disorder,http://purl.obolibrary.org/obo/mondo.owl,
Atrioventricular canal,Atrioventricular canal defect,condition,HPO Code,condition_description,0006695,Atrioventricular canal defect,http://purl.obolibrary.org/obo/hp.owl,
Atrioventricular canal,atrioventricular septal defect,condition,MONDO Code,condition_description,0020290,familial atrioventricular septal defect,http://purl.obolibrary.org/obo/mondo.owl,
Translocation Down syndrome,translocation Down syndrome,condition,MONDO Code,condition_description,0700128,translocation Down syndrome,http://purl.obolibrary.org/obo/mondo.owl,
Nystagmus,Nystagmus,condition,HPO Code,condition_description,0000639,Nystagmus,http://purl.obolibrary.org/obo/hp.owl,
Nystagmus,congenital nystagmus,condition,MONDO Code,condition_description,0005712,congenital nystagmus,http://purl.obolibrary.org/obo/mondo.owl,
Hypoglycemia,Hypoglycemia,condition,HPO Code,condition_description,0001943,Hypoglycemia,http://purl.obolibrary.org/obo/hp.owl,
Hypoglycemia,hypoglycemia,condition,MONDO Code,condition_description,0004946,hypoglycemia,http://purl.obolibrary.org/obo/mondo.owl,
Late puberty,Delayed puberty,condition,HPO Code,condition_description,0000823,Delayed puberty,http://purl.obolibrary.org/obo/hp.owl,
Mixed hearing loss,Mixed hearing impairment,condition,HPO Code,condition_description,0000410,Mixed hearing impairment,http://purl.obolibrary.org/obo/hp.owl,
Mixed hearing loss,"hearing loss, mixed conductive-sensorineural",condition,MONDO Code,condition_description,0044001,"hearing loss, mixed conductive-sensorineural",http://purl.obolibrary.org/obo/mondo.owl,
Early puberty,Precocious puberty,condition,HPO Code,condition_description,0000826,Precocious puberty,http://purl.obolibrary.org/obo/hp.owl,
Early puberty,precocious puberty,condition,MONDO Code,condition_description,0000088,precocious puberty,http://purl.obolibrary.org/obo/mondo.owl,
Neonatal recurrent infections,Recurrent infections in infancy and early childhood,condition,HPO Code,condition_description,0005437,Recurrent infections in infancy and early childhood,http://purl.obolibrary.org/obo/hp.owl,
Tourette's syndrome,Tourette syndrome,condition,MONDO Code,condition_description,0007661,Tourette syndrome,http://purl.obolibrary.org/obo/mondo.owl,
Glaucoma,Glaucoma,condition,HPO Code,condition_description,0000501,Glaucoma,http://purl.obolibrary.org/obo/hp.owl,
Glaucoma,glaucoma (disease),condition,MONDO Code,condition_description,0005041,glaucoma,http://purl.obolibrary.org/obo/mondo.owl,
Vitiligo,Vitiligo,condition,HPO Code,condition_description,0001045,Vitiligo,http://purl.obolibrary.org/obo/hp.owl,
Vitiligo,vitiligo,condition,MONDO Code,condition_description,0008661,vitiligo,http://purl.obolibrary.org/obo/mondo.owl,
Hirschsprung,Aganglionic megacolon,condition,HPO Code,condition_description,0002251,Aganglionic megacolon,http://purl.obolibrary.org/obo/hp.owl,
Hirschsprung,Hirschsprung disease,condition,MONDO Code,condition_description,0018309,Hirschsprung disease,http://purl.obolibrary.org/obo/mondo.owl,
Chronic diarrhea,Chronic diarrhea,condition,HPO Code,condition_description,0002028,Chronic diarrhea,http://purl.obolibrary.org/obo/hp.owl,
Chronic diarrhea,chronic diarrheal disease,condition,MONDO Code,condition_description,0044751,chronic diarrheal disease,http://purl.obolibrary.org/obo/mondo.owl,
Learning disorder not otherwise specified,Specific learning disability,condition,HPO Code,condition_description,0001328,Specific learning disability,http://purl.obolibrary.org/obo/hp.owl,
Learning disorder not otherwise specified,learning disability,condition,MONDO Code,condition_description,0004681,learning disability,http://purl.obolibrary.org/obo/mondo.owl,
Bacterial endocardosis,Bacterial endocarditis,condition,HPO Code,condition_description,0006689,Bacterial endocarditis,http://purl.obolibrary.org/obo/hp.owl,
Bacterial endocardosis,bacterial endocarditis,condition,MONDO Code,condition_description,0006669,bacterial endocarditis,http://purl.obolibrary.org/obo/mondo.owl,
Growth hormone deficiency,Decreased response to growth hormone stimulation test,condition,HPO Code,condition_description,0000824,Decreased response to growth hormone stimulation test,http://purl.obolibrary.org/obo/hp.owl,
Growth hormone deficiency,isolated congenital growth hormone deficiency,condition,MONDO Code,condition_description,0000050,isolated congenital growth hormone deficiency,http://purl.obolibrary.org/obo/mondo.owl,
Pulmonary stenosis,Pulmonic stenosis,condition,HPO Code,condition_description,0001642,Pulmonic stenosis,http://purl.obolibrary.org/obo/hp.owl,
Pulmonary stenosis,pulmonic stenosis (disease),condition,MONDO Code,condition_description,0009938,pulmonic stenosis,http://purl.obolibrary.org/obo/mondo.owl,
Separation anxiety,Separation insecurity,condition,HPO Code,condition_description,0031468,Separation insecurity,http://purl.obolibrary.org/obo/hp.owl,
Separation anxiety,separation anxiety disorder,condition,MONDO Code,condition_description,0001098,separation anxiety disorder,http://purl.obolibrary.org/obo/mondo.owl,
Metabolic syndrome,abdominal obesity-metabolic syndrome,condition,MONDO Code,condition_description,0000816,abdominal obesity-metabolic syndrome,http://purl.obolibrary.org/obo/mondo.owl,
Chronic tic,Tics,condition,HPO Code,condition_description,0100033,Tics,http://purl.obolibrary.org/obo/hp.owl,
Chronic tic,chronic tic disorder,condition,MONDO Code,condition_description,0001074,chronic tic disorder,http://purl.obolibrary.org/obo/mondo.owl,
Stereotypic movement disorder,stereotypic movement disorder,condition,MONDO Code,condition_description,0002265,stereotypic movement disorder,http://purl.obolibrary.org/obo/mondo.owl,
Tic disorder not otherwise specified,Tics,condition,HPO Code,condition_description,0100033,Tics,http://purl.obolibrary.org/obo/hp.owl,
Tic disorder not otherwise specified,tic disorder,condition,MONDO Code,condition_description,0002420,tic disorder,http://purl.obolibrary.org/obo/mondo.owl,
Psych disorder not otherwise specified,Behavioral abnormality,condition,HPO Code,condition_description,0000708,Atypical behavior,http://purl.obolibrary.org/obo/hp.owl,
Psych disorder not otherwise specified,psychiatric disorder,condition,MONDO Code,condition_description,0002025,psychiatric disorder,http://purl.obolibrary.org/obo/mondo.owl,
Microcephalus,Microcephaly,condition,HPO Code,condition_description,0000252,Microcephaly,http://purl.obolibrary.org/obo/hp.owl,
Microcephalus,microcephaly (disease),condition,MONDO Code,condition_description,0001149,microcephaly,http://purl.obolibrary.org/obo/mondo.owl,
Schizophrenia,Schizophrenia,condition,HPO Code,condition_description,0100753,Schizophrenia,http://purl.obolibrary.org/obo/hp.owl,
Schizophrenia,schizophrenia (disease),condition,MONDO Code,condition_description,0005090,schizophrenia,http://purl.obolibrary.org/obo/mondo.owl,
Thrombocytopenia,Thrombocytopenia,condition,HPO Code,condition_description,0001873,Thrombocytopenia,http://purl.obolibrary.org/obo/hp.owl,
Thrombocytopenia,thrombocytopenia,condition,MONDO Code,condition_description,0002049,thrombocytopenia,http://purl.obolibrary.org/obo/mondo.owl,
Sleep hypoxia,Nocturnal hypoxemia,condition,HPO Code,condition_description,0034312,Nocturnal hypoxemia,http://purl.obolibrary.org/obo/hp.owl,
Anomalous pulmonary venous return,Anomalous pulmonary venous return,condition,HPO Code,condition_description,0010772,Anomalous pulmonary venous return,http://purl.obolibrary.org/obo/hp.owl,
Anomalous pulmonary venous return,congenital pulmonary venous return anomaly,condition,MONDO Code,condition_description,0017705,congenital pulmonary venous return anomaly,http://purl.obolibrary.org/obo/mondo.owl,
Conduct disorder,conduct disorder,condition,MONDO Code,condition_description,0005352,conduct disorder,http://purl.obolibrary.org/obo/mondo.owl,
Aberrant subclavian artery,Abnormal subclavian artery morphology,condition,HPO Code,condition_description,0031251,Abnormal subclavian artery morphology,http://purl.obolibrary.org/obo/hp.owl,
Aberrant subclavian artery,aberrant subclavian artery,condition,MONDO Code,condition_description,0021727,aberrant subclavian artery,http://purl.obolibrary.org/obo/mondo.owl,
Colorectal carcinoma,colorectal carcinoma,condition,MONDO Code,condition_description,0024331,colorectal carcinoma,http://purl.obolibrary.org/obo/mondo.owl,
Atrial fibrillation (A Fib),Atrial fibrillation,condition,HPO Code,condition_description,0005110,Atrial fibrillation,http://purl.obolibrary.org/obo/hp.owl,
Atrial fibrillation (A Fib),atrial fibrillation (disease),condition,MONDO Code,condition_description,0004981,atrial fibrillation,http://purl.obolibrary.org/obo/mondo.owl,
Cardiomyopathy,Cardiomyopathy,condition,HPO Code,condition_description,0001638,Cardiomyopathy,http://purl.obolibrary.org/obo/hp.owl,
Cardiomyopathy,cardiomyopathy,condition,MONDO Code,condition_description,0004994,cardiomyopathy,http://purl.obolibrary.org/obo/mondo.owl,
Positive antimicrosomal antibodies,Anti-thyroid peroxidase antibody positivity,condition,HPO Code,condition_description,0025379,Anti-thyroid peroxidase antibody positivity,http://purl.obolibrary.org/obo/hp.owl,
Rheumatoid arthritis - juvenile,Juvenile rheumatoid arthritis,condition,HPO Code,condition_description,0005681,Juvenile rheumatoid arthritis,http://purl.obolibrary.org/obo/hp.owl,
Rheumatoid arthritis - juvenile,juvenile idiopathic arthritis,condition,MONDO Code,condition_description,0011429,juvenile idiopathic arthritis,http://purl.obolibrary.org/obo/mondo.owl,
Polycythemia,Polycythemia,condition,HPO Code,condition_description,0001901,Polycythemia,http://purl.obolibrary.org/obo/hp.owl,
Polycythemia,polycythemia (disease),condition,MONDO Code,condition_description,0005571,polycythemia,http://purl.obolibrary.org/obo/mondo.owl,
Mosaic translocation Down syndrome,mosaic translocation Down syndrome,condition,MONDO Code,condition_description,0700129,mosaic translocation Down syndrome,http://purl.obolibrary.org/obo/mondo.owl,
Pruritis,Pruritus,condition,HPO Code,condition_description,0000989,Pruritus,http://purl.obolibrary.org/obo/hp.owl,
Coarctation aorta,Coarctation of aorta,condition,HPO Code,condition_description,0001680,Coarctation of aorta,http://purl.obolibrary.org/obo/hp.owl,
Coarctation aorta,aorta coarctation,condition,MONDO Code,condition_description,0007345,aorta coarctation,http://purl.obolibrary.org/obo/mondo.owl,
Parkinsonism,Parkinsonism,condition,HPO Code,condition_description,0001300,Parkinsonism,http://purl.obolibrary.org/obo/hp.owl,
Parkinsonism,parkinsonian disorder,condition,MONDO Code,condition_description,0021095,parkinsonian disorder,http://purl.obolibrary.org/obo/mondo.owl,
Vitamin B6 deficiency,Reduced circulating vitamin B6 level,condition,HPO Code,condition_description,0008326,Reduced circulating vitamin B6 level,http://purl.obolibrary.org/obo/hp.owl,
Vitamin B6 deficiency,pyridoxine deficiency anemia,condition,MONDO Code,condition_description,0004574,pyridoxine deficiency anemia,http://purl.obolibrary.org/obo/mondo.owl,
Cognitive disorder not otherwise specified,Cognitive impairment,condition,HPO Code,condition_description,0100543,Cognitive impairment,http://purl.obolibrary.org/obo/hp.owl,
Cognitive disorder not otherwise specified,cognitive disorder,condition,MONDO Code,condition_description,0002039,cognitive disorder,http://purl.obolibrary.org/obo/mondo.owl,
